Workbook

Sheet Nutrition_Summary
A1: Meal | B1: Calories | C1: Protein_g | D1: Carbs_g | E1: Fat_g
A2: Grilled chicken rice bowl | B2: 500 | C2: 45 | D2: 55 | E2: 8
A3: Turkey taco bowl | B3: 520 | C3: 42 | D3: 58 | E3: 9
A4: Beef and potato hash | B4: 530 | C4: 40 | D4: 48 | E4: 14
A5: Chicken pesto pasta Banza | B5: 560 | C5: 45 | D5: 45 | E5: 18
A6: Turkey meatballs marinara Banza | B6: 520 | C6: 46 | D6: 50 | E6: 10
A7: BBQ chicken mash | B7: 520 | C7: 44 | D7: 52 | E7: 9
A8: Turkey chili cup | B8: 460 | C8: 38 | D8: 42 | E8: 11
A9: Greek chicken bowl | B9: 520 | C9: 45 | D9: 55 | E9: 12
A10: Beef enchilada skillet | B10: 500 | C10: 38 | D10: 40 | E10: 18
A11: Chicken alfredo light Banza | B11: 560 | C11: 45 | D11: 45 | E11: 18
A12: Lemon herb chicken | B12: 490 | C12: 45 | D12: 52 | E12: 7
A13: Turkey breakfast scramble | B13: 480 | C13: 40 | D13: 45 | E13: 10
... A21: Turkey primavera Banza | B21: 560 | C21: 45 | D21: 45 | E21: 18
A27: Grilled Chicken Rice Bowl
A28: Juicy grilled chicken over fluffy jasmine rice with tender broccoli, finished with a light teriyaki glaze that hits savory without turning sweet. Simple, clean, and reliable fuel that never gets old.
A30: Turkey Taco Bowl
A31: Lean seasoned turkey layered over hearty brown rice with sweet corn, black beans, and salsa verde. All the taco flavor, none of the crash. Bold, filling, and surprisingly light.
A33: Beef and Potato Hash
A34: Extra lean beef sautéed with golden potatoes, peppers, and onions. Comfort food energy with a clean conscience. This one eats like a weekend breakfast and works like weekday fuel.
A36: Chicken Pesto Pasta with Banza
A37: Grilled chicken tossed with Banza chickpea shells and spinach, coated lightly in basil pesto. Rich flavor, serious protein, and pasta that actually does something for you.
A39: Turkey Meatballs Marinara with Banza
A40: Tender turkey meatballs over Banza shells with slow simmered marinara. Classic Italian comfort rebuilt for performance instead of regret.
A42: BBQ Chicken Mash
A43: Smoky barbecue chicken paired with creamy mashed potatoes and crisp green beans. Backyard flavor, gym friendly macros. Feels indulgent. Behaves responsibly.
... A85: Lean turkey and colorful vegetables tossed with Banza shells in a light garlic cream sauce. Fresh, creamy, and balanced. Proof that healthy does not mean boring.

Sheet Recipes
A1: Meal | B1: Ingredient | C1: Oz_per_meal | D1: Cost_per_row
A2: Grilled chicken rice bowl | B2: Chicken breast | C2: 4.9 | D2: =IFERROR(VLOOKUP(B2,Ingredient_Costs!$A$2:$C$200,3,FALSE)*C2,0) -> 0
A3: Grilled chicken rice bowl | B3: Jasmine rice | C3: 5.6 | D3: =IFERROR(VLOOKUP(B3,Ingredient_Costs!$A$2:$C$200,3,FALSE)*C3,0) -> 0
A4: Grilled chicken rice bowl | B4: Broccoli | C4: 3.5 | D4: =IFERROR(VLOOKUP(B4,Ingredient_Costs!$A$2:$C$200,3,FALSE)*C4,0) -> 0
A5: Grilled chicken rice bowl | B5: Teriyaki sauce low sugar | C5: 1.1 | D5: =IFERROR(VLOOKUP(B5,Ingredient_Costs!$A$2:$C$200,3,FALSE)*C5,0) -> 0
A6: Turkey taco bowl | B6: Ground turkey lean | C6: 4.9 | D6: =IFERROR(VLOOKUP(B6,Ingredient_Costs!$A$2:$C$200,3,FALSE)*C6,0) -> 0
A7: Turkey taco bowl | B7: Brown rice | C7: 5.6 | D7: =IFERROR(VLOOKUP(B7,Ingredient_Costs!$A$2:$C$200,3,FALSE)*C7,0) -> 0
A8: Turkey taco bowl | B8: Corn | C8: 1.2 | D8: =IFERROR(VLOOKUP(B8,Ingredient_Costs!$A$2:$C$200,3,FALSE)*C8,0) -> 0
A9: Turkey taco bowl | B9: Black beans | C9: 2.5 | D9: =IFERROR(VLOOKUP(B9,Ingredient_Costs!$A$2:$C$200,3,FALSE)*C9,0) -> 0
A10: Turkey taco bowl | B10: Salsa verde | C10: 1.1 | D10: =IFERROR(VLOOKUP(B10,Ingredient_Costs!$A$2:$C$200,3,FALSE)*C10,0) -> 0
A11: Beef and potato hash | B11: Ground beef extra lean | C11: 4.9 | D11: =IFERROR(VLOOKUP(B11,Ingredient_Costs!$A$2:$C$200,3,FALSE)*C11,0) -> 0
A12: Beef and potato hash | B12: Diced potatoes | C12: 5.6 | D12: =IFERROR(VLOOKUP(B12,Ingredient_Costs!$A$2:$C$200,3,FALSE)*C12,0) -> 0
A13: Beef and potato hash | B13: Peppers | C13: 1.8 | D13: =IFERROR(VLOOKUP(B13,Ingredient_Costs!$A$2:$C$200,3,FALSE)*C13,0) -> 0
... A82: Turkey primavera Banza | B82: Light garlic cream sauce | C82: 1.4 | D82: =IFERROR(VLOOKUP(B82,Ingredient_Costs!$A$2:$C$200,3,FALSE)*C82,0) -> 0

Sheet Ingredient_Costs
A1: Ingredient | B1: Cost_per_lb | C1: Cost_per_oz
A2: Banza pasta shells cooked | C2: =IFERROR(B2/16,0) -> 0
A3: Black beans | C3: =IFERROR(B3/16,0) -> 0
A4: Broccoli | C4: =IFERROR(B4/16,0) -> 0
A5: Brown rice | C5: =IFERROR(B5/16,0) -> 0
A6: Buffalo ranch sauce | C6: =IFERROR(B6/16,0) -> 0
A7: Cabbage mix | C7: =IFERROR(B7/16,0) -> 0
A8: Carrots | C8: =IFERROR(B8/16,0) -> 0
A9: Celery | C9: =IFERROR(B9/16,0) -> 0
A10: Chicken breast | C10: =IFERROR(B10/16,0) -> 0
A11: Corn | C11: =IFERROR(B11/16,0) -> 0
A12: Corn tortilla | C12: =IFERROR(B12/16,0) -> 0
A13: Cucumber | C13: =IFERROR(B13/16,0) -> 0
... A48: Zucchini | C48: =IFERROR(B48/16,0) -> 0

Sheet Meal_Cost_Summary
A1: Meal | B1: Cost_per_meal | C1: Weekly_volume | D1: Weekly_meal_cost
A2: BBQ chicken mash | B2: =SUMIF(Recipes!$A:$A,A2,Recipes!$D:$D) -> 0 | C2: 10 | D2: =B2*C2 -> 0
A3: Beef Korean bowl | B3: =SUMIF(Recipes!$A:$A,A3,Recipes!$D:$D) -> 0 | C3: 10 | D3: =B3*C3 -> 0
A4: Beef and potato hash | B4: =SUMIF(Recipes!$A:$A,A4,Recipes!$D:$D) -> 0 | C4: 10 | D4: =B4*C4 -> 0
A5: Beef burrito bowl | B5: =SUMIF(Recipes!$A:$A,A5,Recipes!$D:$D) -> 0 | C5: 10 | D5: =B5*C5 -> 0
A6: Beef enchilada skillet | B6: =SUMIF(Recipes!$A:$A,A6,Recipes!$D:$D) -> 0 | C6: 10 | D6: =B6*C6 -> 0
A7: Chicken alfredo light Banza | B7: =SUMIF(Recipes!$A:$A,A7,Recipes!$D:$D) -> 0 | C7: 10 | D7: =B7*C7 -> 0
A8: Chicken buffalo ranch | B8: =SUMIF(Recipes!$A:$A,A8,Recipes!$D:$D) -> 0 | C8: 10 | D8: =B8*C8 -> 0
A9: Chicken fajita bowl | B9: =SUMIF(Recipes!$A:$A,A9,Recipes!$D:$D) -> 0 | C9: 10 | D9: =B9*C9 -> 0
A10: Chicken parmesan light Banza | B10: =SUMIF(Recipes!$A:$A,A10,Recipes!$D:$D) -> 0 | C10: 10 | D10: =B10*C10 -> 0
A11: Chicken pesto pasta Banza | B11: =SUMIF(Recipes!$A:$A,A11,Recipes!$D:$D) -> 0 | C11: 10 | D11: =B11*C11 -> 0
A12: Greek chicken bowl | B12: =SUMIF(Recipes!$A:$A,A12,Recipes!$D:$D) -> 0 | C12: 10 | D12: =B12*C12 -> 0
A13: Grilled chicken rice bowl | B13: =SUMIF(Recipes!$A:$A,A13,Recipes!$D:$D) -> 0 | C13: 10 | D13: =B13*C13 -> 0
... A21: Turkey taco bowl | B21: =SUMIF(Recipes!$A:$A,A21,Recipes!$D:$D) -> 0 | C21: 10 | D21: =B21*C21 -> 0

Sheet Label_Text
A1: Meal | B1: Serving_size | C1: Calories | D1: Protein_g | E1: Carbs_g | F1: Fat_g | G1: Label_text
A2: Grilled chicken rice bowl | B2: 16 oz | C2: 500 | D2: 45 | E2: 55 | F2: 8 | G2: Serving size 1 container (16 oz). Amount per serving Calories 500. Protein 45g. Total Carbohydrate 55g. Total Fat 8g.
A3: Turkey taco bowl | B3: 16 oz | C3: 520 | D3: 42 | E3: 58 | F3: 9 | G3: Serving size 1 container (16 oz). Amount per serving Calories 520. Protein 42g. Total Carbohydrate 58g. Total Fat 9g.
A4: Beef and potato hash | B4: 16 oz | C4: 530 | D4: 40 | E4: 48 | F4: 14 | G4: Serving size 1 container (16 oz). Amount per serving Calories 530. Protein 40g. Total Carbohydrate 48g. Total Fat 14g.
A5: Chicken pesto pasta Banza | B5: 16 oz | C5: 560 | D5: 45 | E5: 45 | F5: 18 | G5: Serving size 1 container (16 oz). Amount per serving Calories 560. Protein 45g. Total Carbohydrate 45g. Total Fat 18g.
A6: Turkey meatballs marinara Banza | B6: 16 oz | C6: 520 | D6: 46 | E6: 50 | F6: 10 | G6: Serving size 1 container (16 oz). Amount per serving Calories 520. Protein 46g. Total Carbohydrate 50g. Total Fat 10g.
A7: BBQ chicken mash | B7: 16 oz | C7: 520 | D7: 44 | E7: 52 | F7: 9 | G7: Serving size 1 container (16 oz). Amount per serving Calories 520. Protein 44g. Total Carbohydrate 52g. Total Fat 9g.
A8: Turkey chili cup | B8: 15 oz | C8: 460 | D8: 38 | E8: 42 | F8: 11 | G8: Serving size 1 container (15 oz). Amount per serving Calories 460. Protein 38g. Total Carbohydrate 42g. Total Fat 11g.
A9: Greek chicken bowl | B9: 16 oz | C9: 520 | D9: 45 | E9: 55 | F9: 12 | G9: Serving size 1 container (16 oz). Amount per serving Calories 520. Protein 45g. Total Carbohydrate 55g. Total Fat 12g.
A10: Beef enchilada skillet | B10: 15 oz | C10: 500 | D10: 38 | E10: 40 | F10: 18 | G10: Serving size 1 container (15 oz). Amount per serving Calories 500. Protein 38g. Total Carbohydrate 40g. Total Fat 18g.
A11: Chicken alfredo light Banza | B11: 16 oz | C11: 560 | D11: 45 | E11: 45 | F11: 18 | G11: Serving size 1 container (16 oz). Amount per serving Calories 560. Protein 45g. Total Carbohydrate 45g. Total Fat 18g.
A12: Lemon herb chicken | B12: 16 oz | C12: 490 | D12: 45 | E12: 52 | F12: 7 | G12: Serving size 1 container (16 oz). Amount per serving Calories 490. Protein 45g. Total Carbohydrate 52g. Total Fat 7g.
A13: Turkey breakfast scramble | B13: 16 oz | C13: 480 | D13: 40 | E13: 45 | F13: 10 | G13: Serving size 1 container (16 oz). Amount per serving Calories 480. Protein 40g. Total Carbohydrate 45g. Total Fat 10g.
... A21: Turkey primavera Banza | B21: 16 oz | C21: 560 | D21: 45 | E21: 45 | F21: 18 | G21: Serving size 1 container (16 oz). Amount per serving Calories 560. Protein 45g. Total Carbohydrate 45g. Total Fat 18g.

Sheet Weekly_Production
A1: Meal | B1: Weekly_volume
A2: BBQ chicken mash | B2: 10
A3: Beef Korean bowl | B3: 10
A4: Beef and potato hash | B4: 10
A5: Beef burrito bowl | B5: 10
A6: Beef enchilada skillet | B6: 10
A7: Chicken alfredo light Banza | B7: 10
A8: Chicken buffalo ranch | B8: 10
A9: Chicken fajita bowl | B9: 10
A10: Chicken parmesan light Banza | B10: 10
A11: Chicken pesto pasta Banza | B11: 10
A12: Greek chicken bowl | B12: 10
A13: Grilled chicken rice bowl | B13: 10
... A21: Turkey taco bowl | B21: 10
